{
    "transform": [
        [
            1.0,
            0.0,
            0.0,
            0.0
        ],
        [
            0.0,
            1.0,
            0.0,
            -2.8610228852699038e-08
        ],
        [
            0.0,
            0.0,
            1.0,
            -0.5
        ]
    ],
    "scale": 0.13333333333333333
}